,Lat,Long,Max Temp,Humidity,Cloudiness,Wind Speed,Country,Date,City
0,-33.5906,26.891,12.17,75,100,10.42,ZA,1626831878,port alfred
1,54.0359,19.0266,14.93,94,48,3.29,PL,1626831879,malbork
2,-34.5322,20.0403,6.62,81,53,2.57,ZA,1626831879,bredasdorp
3,-0.7393,-90.3518,22.53,94,100,3.13,EC,1626831879,puerto ayora
4,-37.8333,140.7667,9.95,81,90,4.63,AU,1626831880,mount gambier
5,67.667,12.6934,9.92,75,100,9.22,NO,1626831880,sorland
6,-31.5375,-68.5364,13.28,22,5,0.64,AR,1626831881,san juan
7,31.7561,25.0865,25.33,75,0,3.2,LY,1626831881,bardiyah
8,32.6667,-17.1,22.62,81,0,1.38,PT,1626831881,ponta do sol
9,-42.7826,147.0587,12.18,65,100,3.13,AU,1626831882,new norfolk
10,-23.1203,-134.9692,21.72,65,71,10.11,PF,1626831882,rikitea
11,45.0205,-93.218,28.94,67,20,0.89,US,1626831883,new brighton
12,31.61,34.7642,25.38,100,3,1.45,IL,1626831883,qiryat gat
13,69.4541,-133.0374,27.0,39,1,6.17,CA,1626831883,tuktoyaktuk
14,-22.116,14.2845,11.59,91,1,4.7,NA,1626831884,henties bay
15,14.3,-91.9167,29.08,74,34,1.17,GT,1626831884,champerico
16,-33.918,25.5701,10.16,76,0,8.75,ZA,1626831884,port elizabeth
17,77.484,-69.3632,3.29,89,97,0.3,GL,1626831885,qaanaaq
18,35.1333,140.3,31.06,67,61,2.44,JP,1626831885,katsuura
19,37.5683,126.9778,31.76,62,20,2.06,KR,1626831877,seoul
20,71.2906,-156.7887,3.01,87,90,9.26,US,1626831883,barrow
21,33.2833,134.15,29.02,79,100,7.4,JP,1626831886,muroto
22,61.2767,108.0108,21.4,60,95,1.86,RU,1626831886,yerbogachen
23,-33.65,115.3333,13.36,87,70,6.72,AU,1626831887,busselton
24,4.9333,-52.3333,27.83,81,20,0.45,GF,1626831887,cayenne
25,37.4,136.9,31.38,62,40,3.09,JP,1626831887,wajima
26,22.7886,100.9748,20.26,97,99,0.5,CN,1626831888,simao
27,16.06,102.731,28.88,80,100,5.55,TH,1626831888,ban phai
28,37.1041,-113.5841,36.33,32,20,2.06,US,1626831888,saint george
29,3.0707,172.7902,27.95,74,14,3.46,KI,1626831889,butaritari
30,65.282,-126.8329,28.02,34,20,6.69,CA,1626831889,norman wells
31,72.7868,-56.1549,5.61,85,100,3.7,GL,1626831890,upernavik
32,60.1545,-1.1494,11.0,86,53,0.52,GB,1626831890,lerwick
33,-46.2817,169.8464,7.74,81,100,1.78,NZ,1626831890,kaitangata
34,42.6001,-73.9662,23.13,82,42,1.79,US,1626831870,rotterdam
35,-33.0153,27.9116,12.93,69,100,8.7,ZA,1626831891,east london
36,-9.8,-139.0333,25.43,74,97,10.86,PF,1626831891,atuona
37,70.6333,147.9167,13.29,72,85,6.08,RU,1626831891,chokurdakh
38,-28.7667,114.6,19.23,72,75,8.23,AU,1626831892,geraldton
39,-20.7333,139.5,21.87,24,20,7.2,AU,1626831892,mount isa
40,-34.0033,24.7314,7.71,73,83,6.76,ZA,1626831892,kruisfontein
41,5.4112,100.3354,29.96,83,20,0.45,MY,1626831893,butterworth
42,-21.3585,55.7679,20.75,78,54,5.76,RE,1626831893,saint-philippe
43,10.9995,122.6711,29.29,71,100,7.33,PH,1626831893,dingle
44,65.3667,64.6667,14.07,65,100,3.04,RU,1626831894,muzhi
45,64.8569,-147.8028,30.99,29,40,3.6,US,1626831873,college
46,17.9583,-102.2,27.53,81,100,1.7,MX,1626831894,lazaro cardenas
47,42.097,-79.2353,22.8,78,20,6.17,US,1626831895,jamestown
48,-53.15,-70.9167,1.06,93,40,1.54,CL,1626831895,punta arenas
49,-46.1927,168.8643,8.04,79,100,1.11,NZ,1626831895,wyndham
50,-1.6,103.6167,28.17,70,97,2.88,ID,1626831895,jambi
51,49.7834,-74.8492,15.88,59,66,2.28,CA,1626831896,chapais
52,38.4167,77.2406,24.03,45,100,1.02,CN,1626831896,shache
53,71.6872,128.8694,7.48,69,40,4.05,RU,1626831896,tiksi
54,70.4692,-68.5914,2.13,100,90,7.72,CA,1626831664,clyde river
55,11.6667,92.75,28.06,83,100,9.86,IN,1626831897,port blair
56,37.7167,-25.4333,20.23,90,7,4.81,PT,1626831873,vila franca do campo
57,-21.2078,-159.775,26.03,83,75,6.69,CK,1626831897,avarua
58,62.456,-114.3525,24.05,45,40,0.45,CA,1626831898,yellowknife
59,-24.1333,19.1167,5.51,77,7,4.26,NA,1626831898,aranos
60,-34.4187,19.2345,8.83,73,53,7.71,ZA,1626831899,hermanus
61,15.7432,-96.4661,28.79,87,100,1.65,MX,1626831899,pochutla
62,-54.8,-68.3,0.81,75,75,3.6,AR,1626831833,ushuaia
63,50.7587,59.5386,22.57,47,32,3.56,RU,1626831899,dombarovskiy
64,47.9077,106.8832,20.07,73,75,3.0,MN,1626831900,ulaanbaatar
65,-9.0853,-78.5783,17.64,83,9,2.47,PE,1626831662,chimbote
66,54.7183,135.315,25.14,66,17,7.83,RU,1626831900,chumikan
67,22.0752,-159.319,29.99,75,40,1.79,US,1626831901,kapaa
68,24.6877,46.7219,34.08,32,79,1.56,SA,1626831751,riyadh
69,-46.1333,167.6833,8.23,82,100,2.03,NZ,1626831901,tuatapere
70,-35.3333,-72.4167,12.77,80,100,2.17,CL,1626831902,constitucion
71,68.3065,-53.4641,5.5,87,97,0.84,GL,1626831902,kangaatsiaq
72,-46.6,168.3333,8.22,77,100,3.02,NZ,1626831902,bluff
73,65.6145,-37.6368,6.09,97,95,1.45,GL,1626831903,tasiilaq
74,28.7519,54.5444,29.48,22,17,2.85,IR,1626831903,darab
75,54.3433,10.0994,16.62,100,75,3.09,DE,1626831904,kronshagen
76,-3.8004,102.2655,26.58,73,88,1.29,ID,1626831904,bengkulu
77,-26.1775,-58.1781,9.99,93,90,6.17,AR,1626831905,formosa
78,4.1363,96.1285,25.88,82,100,1.26,ID,1626831905,meulaboh
79,7.7669,-72.225,25.1,97,39,1.96,VE,1626831905,san cristobal
80,-33.9258,18.4232,11.05,80,75,1.79,ZA,1626831906,cape town
81,65.5833,-171.0,6.53,90,100,3.5,RU,1626831906,lavrentiya
82,-38.0023,-57.5575,10.07,54,0,1.34,AR,1626831757,mar del plata
83,27.9095,-97.15,29.43,81,1,2.68,US,1626831906,aransas pass
84,60.9167,-46.05,8.12,99,100,1.09,GL,1626831907,qaqortoq
85,38.5167,-28.7,20.45,80,37,7.02,PT,1626831907,ribeira grande
86,-42.8794,147.3294,12.37,61,75,0.89,AU,1626831908,hobart
87,-0.6,73.0833,27.49,77,100,5.56,MV,1626831908,hithadhoo
88,67.45,153.6833,21.0,57,92,6.81,RU,1626831909,srednekolymsk
89,-24.4,23.8833,8.09,32,1,3.53,BW,1626831909,sekoma
90,73.5069,80.5464,8.14,67,100,6.58,RU,1626831909,dikson
91,-30.1811,-50.2056,9.87,73,31,2.59,BR,1626831910,cidreira
92,42.2506,-75.833,21.48,92,90,0.89,US,1626831910,binghamton
93,46.4856,135.8833,28.11,65,85,1.08,RU,1626831910,vostok
94,40.8021,-124.1637,18.4,77,60,2.68,US,1626831911,eureka
95,28.017,-97.5169,30.3,72,54,3.38,US,1626831911,portland
96,-17.7125,-39.2481,21.8,67,100,4.73,BR,1626831911,caravelas
97,60.7522,-137.5108,25.97,34,30,3.09,CA,1626831912,haines junction
98,-20.2078,57.7625,21.72,65,9,8.52,MU,1626831912,quatre cocos
99,29.0361,114.5636,30.95,69,100,0.59,CN,1626831912,puqi
100,47.6666,-52.7314,19.86,97,90,7.72,CA,1626831913,torbay
101,-0.9492,100.3543,28.03,72,100,0.1,ID,1626831913,padang
102,68.2191,-135.0107,29.46,25,8,3.72,CA,1626831914,aklavik
103,41.2547,67.9692,26.83,37,21,1.9,KZ,1626831914,chardara
104,22.8909,-109.9124,34.17,66,3,5.91,MX,1626831908,cabo san lucas
105,19.2167,-98.8083,17.79,90,100,1.15,MX,1626831915,tlalmanalco
106,-25.2406,130.9889,17.91,36,5,5.14,AU,1626831915,yulara
107,19.3003,97.9685,26.08,89,75,1.03,TH,1626831915,mae hong son
108,25.9833,76.3667,26.57,81,99,5.19,IN,1626831916,sawai madhopur
109,-20.3428,57.7575,21.79,64,40,8.23,MU,1626831916,bambous virieux
110,-29.9533,-71.3436,10.85,93,75,1.03,CL,1626831916,coquimbo
111,19.7297,-155.09,25.14,88,90,3.09,US,1626831724,hilo
112,68.0531,39.5131,7.68,82,100,6.27,RU,1626831917,ostrovnoy
113,-10.1667,123.5833,30.32,54,20,7.2,ID,1626831917,kupang
114,-8.9266,125.4092,21.95,48,14,2.52,TL,1626831918,atambua
115,-28.4675,30.1551,6.56,31,3,1.87,ZA,1626831918,ekuvukeni
116,-22.9661,-42.0278,18.33,65,56,3.68,BR,1626831918,arraial do cabo
117,29.0331,21.5482,24.28,67,0,4.39,LY,1626831919,jalu
118,64.8945,-23.7142,11.03,96,100,8.02,IS,1626831919,olafsvik
119,68.75,161.3,18.87,40,60,3.52,RU,1626831919,cherskiy
120,-37.6167,-73.65,11.2,95,100,3.3,CL,1626831919,lebu
121,33.7333,135.9833,29.55,71,86,4.4,JP,1626831920,shingu
122,-16.4833,-151.75,25.95,76,25,9.91,PF,1626831920,faanui
123,-24.8667,113.6333,22.04,68,75,4.12,AU,1626831920,carnarvon
124,52.4201,136.4853,29.82,56,71,3.13,RU,1626831921,imeni poliny osipenko
125,60.5544,-151.2583,15.57,96,90,2.06,US,1626831803,kenai
126,41.7057,-70.2286,24.26,91,1,0.89,US,1626831921,yarmouth
127,6.7085,121.9711,30.03,65,88,1.12,PH,1626831922,isabela
128,49.8167,-94.4337,19.54,72,90,2.06,CA,1626831922,kenora
129,-11.0964,-77.6139,17.62,79,1,2.78,PE,1626831922,huacho
130,59.7035,30.7861,13.0,97,38,1.83,RU,1626831923,ulyanovka
131,20.4487,121.9702,28.43,76,75,7.78,PH,1626831923,basco
132,-3.4167,114.85,27.05,83,100,3.09,ID,1626831923,martapura
133,71.0357,27.8492,6.21,94,100,10.66,NO,1626831924,mehamn
134,14.3122,121.1114,25.99,84,100,6.32,PH,1626831924,santa rosa
135,39.5696,3.2096,24.07,71,0,1.68,ES,1626831925,manacor
136,7.9803,49.8164,25.09,67,9,8.54,SO,1626831925,eyl
137,14.9215,-23.5087,24.3,83,75,1.03,CV,1626831925,praia
138,52.892,45.3928,20.9,88,82,1.45,RU,1626831926,shemysheyka
139,64.2539,-15.2082,14.42,63,3,2.62,IS,1626831926,hofn
140,43.5528,141.9064,28.12,46,88,0.52,JP,1626831926,takikawa
141,71.9167,114.0833,12.34,82,100,5.15,RU,1626831927,saskylakh
142,-41.1456,-71.3082,4.86,75,75,2.57,AR,1626831927,san carlos de bariloche
143,59.2353,163.0719,17.27,76,40,3.77,RU,1626831928,ossora
144,-24.7911,-50.0119,6.72,63,100,0.89,BR,1626831928,castro
145,69.7008,170.3133,5.8,73,97,3.13,RU,1626831928,pevek
146,1.7427,98.7792,28.0,72,72,0.66,ID,1626831929,sibolga
147,8.9193,-74.4677,25.72,88,4,1.24,CO,1626831929,pinillos
148,-1.8333,-65.3667,22.27,93,28,0.48,BR,1626831930,maraa
149,38.5106,-1.701,21.88,66,54,1.3,ES,1626831930,hellin
150,55.7435,-97.8558,22.24,48,0,1.97,CA,1626831931,thompson
151,-34.7167,-55.95,11.1,66,0,3.6,UY,1626831931,pando
152,41.3712,-73.414,24.87,88,1,1.54,US,1626831774,danbury
153,33.194,-82.5271,23.73,92,100,3.36,US,1626831931,evans
154,-6.6024,147.8681,28.65,68,49,4.47,PG,1626831932,finschhafen
155,7.5264,-12.505,24.76,85,100,4.65,SL,1626831932,bonthe
156,78.2186,15.6401,3.91,81,75,0.51,SJ,1626831933,longyearbyen
157,62.2266,-6.589,10.51,96,59,4.32,FO,1626831933,klaksvik
158,7.3667,12.65,17.94,96,100,0.74,CM,1626831934,tignere
159,43.5547,-5.9248,19.4,86,90,1.34,ES,1626831935,aviles
160,21.2311,-86.731,27.86,84,0,3.76,MX,1626831935,isla mujeres
161,-20.7377,116.8463,25.0,56,11,3.38,AU,1626831935,karratha
162,-12.0432,-77.0282,17.14,77,90,2.57,PE,1626831580,lima
163,-21.3393,55.4781,20.8,70,0,3.09,RE,1626831936,saint-pierre
164,50.1001,-91.917,20.21,52,75,0.0,CA,1626831761,sioux lookout
165,46.8333,40.75,24.43,66,1,2.0,RU,1626831936,yegorlykskaya
166,-19.0595,-169.9187,26.94,69,40,5.66,NU,1626831937,alofi
167,-5.1833,-68.9,22.49,72,54,1.14,BR,1626831937,jutai
168,12.7797,101.6483,30.53,87,100,4.44,TH,1626831844,klaeng
169,-0.8833,131.25,27.13,78,100,2.63,ID,1626831937,sorong
170,-5.9475,29.1947,20.29,54,4,0.78,CD,1626831938,kalemie
171,-20.4081,57.7,21.81,64,40,8.23,MU,1626831938,mahebourg
172,39.4816,62.9137,31.72,16,6,2.12,TM,1626831938,seydi
173,35.7333,140.8333,32.94,69,62,3.59,JP,1626831939,hasaki
174,57.79,-152.4072,13.01,91,100,2.94,US,1626831939,kodiak
175,66.7697,123.3711,17.61,53,100,7.38,RU,1626831940,zhigansk
176,63.8424,-22.4338,11.26,100,90,6.69,IS,1626831940,grindavik
177,48.0056,91.6419,21.79,35,0,1.11,MN,1626831940,ulaangom
178,4.9247,6.2642,23.03,88,36,1.74,NG,1626831941,yenagoa
179,-11.705,-76.2686,5.43,89,61,1.57,PE,1626831941,chicla
180,-17.9167,15.95,11.0,46,0,1.54,NA,1626831941,ondangwa
181,0.8,127.4,28.13,72,58,2.04,ID,1626831942,ternate
182,-7.05,113.9333,27.99,69,91,5.35,ID,1626831942,kalianget
183,70.8578,29.0864,5.73,94,100,6.8,NO,1626831942,berlevag
184,-0.7193,8.7815,23.61,77,91,4.77,GA,1626831943,port-gentil
185,50.4638,-3.5143,19.76,90,2,1.34,GB,1626831857,torquay
186,47.875,-3.9225,21.44,83,0,3.49,FR,1626831943,concarneau
187,24.1447,67.4497,28.57,85,100,11.74,PK,1626831944,keti bandar
188,62.7161,129.6658,20.06,81,100,2.3,RU,1626831944,namtsy
189,18.9667,-96.7167,26.01,96,54,0.85,MX,1626831944,paso del macho
190,42.8,93.45,25.24,46,44,3.53,CN,1626831945,hami
191,38.8114,-89.9532,26.99,79,1,2.06,US,1626831945,edwardsville
192,-34.75,149.7167,10.36,44,6,5.02,AU,1626831946,goulburn
193,53.2831,92.4003,19.94,82,26,1.1,RU,1626831946,yermakovskoye
194,39.9199,32.8543,22.89,49,0,2.06,TR,1626831946,ankara
195,-45.8742,170.5036,10.45,63,100,2.68,NZ,1626831946,dunedin
196,47.8667,88.1167,27.7,22,1,1.03,CN,1626831947,altay
197,-28.783,32.0377,15.35,27,0,3.09,ZA,1626831947,richards bay
198,54.3161,-130.3201,16.83,84,90,2.06,CA,1626831929,prince rupert
199,-20.5167,57.5167,21.87,64,40,8.23,MU,1626831947,souillac
200,42.9019,133.9064,25.73,77,100,2.02,RU,1626831948,preobrazheniye
201,-21.2,-175.2,27.09,83,40,4.12,TO,1626831948,vaini
202,35.3667,132.7667,30.94,70,75,4.63,JP,1626831949,izumo
203,31.4638,-100.437,29.24,43,1,1.79,US,1626831949,san angelo
204,41.1231,80.2644,25.6,40,100,2.42,CN,1626831950,aksu
205,-22.2833,44.5167,16.93,77,0,2.12,MG,1626831950,ankazoabo
206,2.3,111.8167,28.17,78,20,2.24,MY,1626831950,sibu
207,-10.2129,31.1808,9.8,71,0,0.97,ZM,1626831950,kasama
208,5.6667,73.0,28.33,74,99,6.69,MV,1626831951,ugoofaaru
209,-33.6971,-53.4616,6.82,83,1,3.71,UY,1626831952,chuy
210,48.6758,24.4138,14.4,98,100,3.11,UA,1626831952,markova
211,-19.8436,34.8389,17.05,93,20,2.68,MZ,1626831952,beira
212,28.5004,-13.8627,20.86,78,37,8.23,ES,1626831953,puerto del rosario
213,69.6496,18.957,8.36,81,75,2.24,NO,1626831953,tromso
214,59.5833,151.2833,14.33,83,95,4.99,RU,1626831953,ola
215,51.3674,110.4676,14.95,99,100,1.39,RU,1626831954,khilok
216,45.2501,-81.6665,15.17,67,6,7.63,CA,1626831954,wiarton
217,64.5011,-165.4064,10.04,87,90,6.17,US,1626831922,nome
218,-33.295,-66.3356,11.04,32,10,3.0,AR,1626831954,san luis
219,11.2126,99.5117,28.3,80,100,4.01,TH,1626831955,bang saphan
220,-34.5833,150.8552,15.1,47,99,1.79,AU,1626831955,kiama
221,-45.8667,-67.5,8.92,66,0,3.09,AR,1626831901,comodoro rivadavia
222,62.6667,135.6,29.18,43,100,3.16,RU,1626831956,khandyga
223,-25.1667,45.05,19.84,63,29,2.11,MG,1626831956,beloha
224,5.5577,95.3222,28.39,72,99,7.08,ID,1626831956,banda aceh
225,14.8961,-24.4956,23.13,86,29,1.72,CV,1626831957,sao filipe
226,28.5202,68.5434,32.7,60,0,6.62,PK,1626831957,sohbatpur
227,17.9833,-102.2333,27.24,82,100,1.49,MX,1626831957,la orilla
228,18.3851,42.4509,18.06,79,100,3.42,SA,1626831958,abha
229,41.5,33.6667,16.96,86,0,1.97,TR,1626831958,kastamonu
230,36.0584,-90.4973,26.9,76,0,3.57,US,1626831958,paragould
231,-9.8756,-56.0861,21.92,44,0,1.76,BR,1626831958,alta floresta
232,22.2855,114.1577,27.2,94,100,4.92,HK,1626831939,shenzhen
233,6.6221,73.07,28.23,74,99,6.97,MV,1626831959,kulhudhuffushi
234,-20.0637,30.8277,10.61,61,1,1.32,ZW,1626831959,masvingo
235,12.3429,-83.6712,26.21,88,73,5.55,NI,1626831960,laguna de perlas
236,-1.195,-46.02,23.6,94,10,2.64,BR,1626831960,carutapera
237,6.189,-67.4859,24.94,88,100,1.53,CO,1626831961,puerto carreno
238,7.0627,-1.4001,20.93,92,92,3.11,GH,1626831961,mampong
239,51.0736,132.5642,28.72,62,19,3.34,RU,1626831961,novyy urgal
240,39.3558,-9.3811,18.27,86,89,7.73,PT,1626831962,peniche
241,42.0304,-8.1588,13.75,93,3,1.17,PT,1626831962,mozelos
242,-24.7,44.75,19.58,64,6,2.75,MG,1626831963,ampanihy
243,47.4235,-120.3103,34.22,21,1,1.34,US,1626831853,wenatchee
244,46.4535,16.991,15.77,57,85,2.98,HU,1626831963,nagykanizsa
245,-21.1333,164.9,24.85,54,9,3.64,NC,1626831964,pouembout
246,55.8732,72.1967,19.42,67,7,2.63,RU,1626831964,tyukalinsk
247,54.4299,31.8996,13.35,68,100,2.45,RU,1626831964,monastyrshchina
248,10.3399,-68.7425,22.14,99,84,1.02,VE,1626831965,san felipe
249,27.0167,-108.9333,32.62,79,100,3.1,MX,1626831965,alamos
250,-8.103,156.8419,27.35,80,89,4.71,SB,1626831965,gizo
251,21.4267,39.8261,27.31,79,10,4.99,SA,1626831966,mecca
252,49.0,-1.1667,15.67,89,5,1.37,FR,1626831966,saint-lo
253,58.7525,42.6825,11.89,79,16,1.88,RU,1626831966,chukhloma
254,50.5994,97.5228,19.35,62,42,0.27,RU,1626831967,kungurtug
255,52.0568,-2.7148,20.7,58,0,1.64,GB,1626831967,hereford
256,-5.795,-35.2094,24.36,83,20,2.57,BR,1626831968,natal
257,43.1009,-75.2327,19.49,97,69,0.29,US,1626831968,utica
258,17.35,-62.7333,27.74,79,68,8.54,KN,1626831967,cayon
259,18.4423,-73.0876,27.26,76,79,3.23,HT,1626831968,miragoane
260,64.8378,-147.7164,31.0,29,1,5.66,US,1626831969,fairbanks
261,34.6391,-120.4579,26.5,76,1,6.69,US,1626831969,lompoc
262,-20.3297,-40.2925,17.97,72,40,1.54,BR,1626831821,vila velha
263,31.6315,-8.0083,25.04,44,0,2.06,MA,1626831851,marrakesh
264,63.8567,57.3094,14.79,63,64,1.51,RU,1626831970,vuktyl
265,-20.1,146.2667,21.16,24,31,6.5,AU,1626831970,charters towers
266,-15.1961,12.1522,17.34,90,0,1.24,AO,1626831971,namibe
267,-1.9175,-55.5181,25.68,73,32,1.3,BR,1626831971,obidos
268,7.0419,134.2556,30.28,74,35,4.51,PW,1626831972,kloulklubed
269,4.8699,-2.2405,23.74,80,6,3.01,GH,1626831972,axim
270,63.2909,18.7153,9.53,76,0,6.17,SE,1626831973,ornskoldsvik
271,-35.6167,174.5,15.65,90,100,7.93,NZ,1626831973,ngunguru
272,-17.7333,-149.15,29.01,80,24,9.7,PF,1626831973,tautira
273,-13.8483,136.4192,25.93,44,13,4.63,AU,1626831974,alyangula
274,61.994,-49.6678,6.61,90,100,3.41,GL,1626831974,paamiut
275,22.5667,59.5289,31.89,60,79,4.94,OM,1626831974,sur
276,-19.55,169.2667,29.06,70,40,2.57,VU,1626831975,isangel
277,63.05,179.3167,7.24,85,100,4.38,RU,1626831975,beringovskiy
278,-13.8354,-171.9796,27.65,71,23,8.94,WS,1626831975,satapuala
279,45.3167,55.2,30.39,33,4,3.97,KZ,1626831976,beyneu
280,-28.7001,26.4597,4.67,52,100,3.48,ZA,1626831976,brandfort
281,42.4308,130.6434,26.79,81,92,1.92,RU,1626831976,khasan
282,31.7167,-116.5667,23.99,68,32,3.04,MX,1626831977,maneadero
283,-16.92,35.262,17.09,81,0,0.9,MW,1626831977,nsanje
284,-45.4167,167.7167,8.62,87,100,1.0,NZ,1626831977,te anau
285,40.8,-96.667,27.69,66,1,0.45,US,1626831902,lincoln
286,65.4167,-52.9,5.91,82,53,1.05,GL,1626831978,maniitsoq
287,71.9667,102.5,14.6,77,100,5.76,RU,1626831978,khatanga
288,56.6709,124.6491,21.46,75,51,4.13,RU,1626831925,neryungri
289,13.2167,-59.5167,27.34,78,40,8.75,BB,1626831978,bathsheba
290,28.1667,94.7667,27.04,89,100,0.23,IN,1626831979,along
291,34.9833,139.8667,31.01,69,19,1.67,JP,1626831979,tateyama
292,28.6585,-17.9182,19.86,88,90,7.2,ES,1626831979,los llanos de aridane
293,-16.0999,167.4164,28.04,67,14,2.06,VU,1626831980,lakatoro
294,20.8947,-156.47,30.01,64,40,9.77,US,1626831980,kahului
295,-35.1667,173.1667,15.54,84,100,6.96,NZ,1626831981,ahipara
296,20.5022,-10.0711,33.1,10,11,7.3,MR,1626831981,atar
297,50.6996,-127.4199,16.1,72,75,2.57,CA,1626831907,port hardy
298,-41.8697,-73.8203,10.74,95,100,1.86,CL,1626831981,ancud
299,-12.0667,134.2667,28.95,28,68,5.28,AU,1626831982,maningrida
300,46.6806,113.2792,32.1,34,4,6.16,MN,1626831982,baruun-urt
301,-22.9337,26.5703,9.38,42,0,1.44,BW,1626831982,kalamare
302,50.0334,-66.8654,15.97,60,100,3.1,CA,1626831983,port-cartier
303,5.0268,118.327,29.42,70,81,2.68,MY,1626831983,lahad datu
304,69.4719,25.5112,7.06,94,100,7.87,NO,1626831983,karasjok
305,43.04,44.5708,17.12,88,0,2.0,RU,1626831984,gizel
306,-34.6667,-54.9167,10.68,73,10,5.1,UY,1626831984,san carlos
307,70.9963,24.6622,6.49,94,100,13.41,NO,1626831984,havoysund
308,61.9875,5.1352,9.37,74,18,4.69,NO,1626831985,raudeberg
309,43.6475,111.9767,29.84,37,3,4.74,CN,1626831985,erenhot
310,43.4647,-3.8044,19.99,92,90,2.24,ES,1626831986,santander
311,37.7333,-25.6667,20.4,88,20,5.66,PT,1626831738,ponta delgada
312,18.9048,-3.5265,35.04,26,69,6.19,ML,1626831986,araouane
313,-2.0226,147.2712,28.95,71,75,1.72,PG,1626831986,lorengau
314,57.6409,18.296,13.2,100,8,1.03,SE,1626831987,visby
315,11.2833,-15.8333,27.52,79,100,6.45,GW,1626831987,bubaque
316,-34.4833,-54.3333,7.5,72,6,3.89,UY,1626831867,rocha
317,-5.6667,132.75,26.91,78,52,9.66,ID,1626831988,tual
318,45.0917,133.5136,31.37,56,74,1.41,RU,1626831988,kirovskiy
319,20.8667,-90.4,27.57,78,23,6.08,MX,1626831989,celestun
320,22.95,-102.05,23.14,33,56,4.77,MX,1626831989,los zacatones
321,22.2394,68.9678,28.33,82,100,11.68,IN,1626831989,dwarka
322,-15.7667,128.7333,27.99,16,100,4.12,AU,1626831989,kununurra
323,51.7026,30.6569,18.02,83,100,2.96,UA,1626831990,lyubech
324,19.8,85.85,28.54,78,100,3.46,IN,1626831990,puri
325,13.9297,41.6925,30.86,53,100,3.27,ER,1626831990,edd
326,39.05,-27.9833,19.82,82,7,8.64,PT,1626831991,lagoa
327,34.9311,43.487,33.62,21,0,5.14,IQ,1626831991,bayji
328,13.7667,109.2333,30.85,60,93,7.67,VN,1626831848,qui nhon
329,61.67,96.37,15.58,75,100,0.34,RU,1626831992,baykit
330,-38.2667,141.9667,11.57,79,97,5.28,AU,1626831992,portland
331,64.3833,-173.3,13.06,62,90,3.0,RU,1626831993,provideniya
332,69.2167,-51.1,11.01,43,20,3.09,GL,1626831993,ilulissat
333,36.7281,-91.8524,25.46,79,1,0.0,US,1626831993,west plains
334,27.0998,-82.4543,30.0,79,20,1.54,US,1626831944,venice
335,53.75,127.2667,22.58,78,100,0.98,RU,1626831994,zeya
336,0.5333,72.9333,27.82,73,80,3.27,MV,1626831994,thinadhoo
337,50.1018,136.5094,29.17,54,99,4.14,RU,1626831994,elban
338,-4.2714,-81.2147,17.64,87,11,6.65,PE,1626831995,el alto
339,64.1835,-51.7216,9.34,71,75,2.57,GL,1626831995,nuuk
340,6.1241,81.1185,26.19,89,20,4.12,LK,1626831995,hambantota
341,65.7,82.4667,16.69,55,0,2.09,RU,1626831996,krasnoselkup
342,11.3832,-72.2432,26.83,77,25,9.93,CO,1626831996,maicao
343,38.7333,-27.0667,20.42,88,20,4.75,PT,1626831996,praia da vitoria
344,10.5669,72.642,27.87,81,100,8.6,IN,1626831997,kavaratti
345,13.35,-15.75,26.64,84,98,2.79,GM,1626831997,farafenni
346,62.8833,152.4333,27.69,35,93,1.84,RU,1626831998,seymchan
347,66.9395,-53.6735,7.42,84,100,1.93,GL,1626831998,sisimiut
348,-3.6667,152.4333,28.49,73,100,2.51,PG,1626831998,namatanai
349,69.3833,178.4167,3.3,72,17,4.35,RU,1626831999,leningradskiy
350,-5.1989,-35.4608,24.5,84,1,6.18,BR,1626831999,touros
351,17.1612,104.1472,27.97,74,75,4.63,TH,1626831999,sakhon nakhon
352,15.85,-97.0667,27.29,79,100,1.51,MX,1626832000,puerto escondido
353,70.9821,25.9704,6.72,91,100,14.03,NO,1626832000,honningsvag
354,40.5982,-124.1573,25.66,68,90,4.02,US,1626832001,fortuna
355,3.8667,11.5167,21.74,88,40,1.54,CM,1626831917,yaounde
356,70.3705,31.1107,6.17,86,100,6.32,NO,1626832001,vardo
357,-21.15,55.2833,20.46,69,7,1.56,RE,1626832002,saint-leu
358,1.1667,108.9667,28.44,79,89,3.74,ID,1626832002,pemangkat
359,8.6011,124.4658,32.4,62,100,3.29,PH,1626832002,moog
360,-6.2,36.4167,14.01,87,2,1.81,TZ,1626832003,kongwa
361,-9.0122,-35.2225,23.57,82,4,3.93,BR,1626832003,maragogi
362,64.2273,27.7285,10.03,71,0,3.6,FI,1626832004,kajaani
363,16.8634,-99.8901,27.86,83,32,3.35,MX,1626831761,acapulco
364,45.6169,-61.3485,19.97,97,40,0.0,CA,1626832004,port hawkesbury
365,11.2408,-74.199,31.03,62,40,3.09,CO,1626831712,santa marta
366,60.1432,-45.2371,7.92,96,100,6.95,GL,1626832005,nanortalik
367,30.3,108.85,24.4,73,94,1.46,CN,1626832005,lichuan
368,49.0333,104.0833,11.86,97,100,1.45,MN,1626832005,erdenet
369,67.6803,53.1512,14.06,72,100,3.64,RU,1626832006,iskateley
370,66.0,111.5,21.57,48,95,7.11,RU,1626832006,aykhal
371,58.6978,81.4825,18.1,83,4,2.82,RU,1626832006,parabel
372,46.0833,127.4,28.85,67,13,3.22,CN,1626832007,bayan
373,61.3614,63.5842,17.59,88,100,1.93,RU,1626832007,sovetskiy
374,40.4244,15.0809,22.08,70,0,2.11,IT,1626832007,capaccio
375,58.2488,8.3778,14.94,82,7,1.54,NO,1626832008,lillesand
376,-1.5233,-52.5817,23.61,90,12,1.58,BR,1626832008,almeirim
377,-17.5667,-149.8667,28.85,76,0,9.52,PF,1626832009,haapiti
378,30.5667,79.5667,21.77,93,100,0.24,IN,1626832009,joshimath
379,53.4106,-2.9779,18.67,82,0,0.51,GB,1626831857,liverpool
380,65.85,74.4859,19.93,57,37,8.09,RU,1626832009,pangody
381,20.15,92.9,27.63,85,83,5.67,MM,1626832010,akyab
382,58.831,6.0466,11.97,90,40,2.56,NO,1626832010,oltedal
383,-3.5,29.95,14.71,64,1,1.93,BI,1626832010,gitega
384,7.4167,81.8167,27.39,64,96,1.95,LK,1626832011,kalmunai
385,-7.7136,-66.9764,21.28,59,0,1.25,BR,1626832011,pauini
386,25.7,100.1833,23.34,58,19,1.09,CN,1626832011,dali
387,-22.9575,14.5053,11.72,93,0,3.09,NA,1626832012,walvis bay
388,37.7021,-121.9358,30.38,60,1,1.34,US,1626831963,dublin
389,29.1614,16.139,24.71,59,0,2.83,LY,1626832012,waddan
390,35.0231,110.9928,25.71,77,100,2.02,CN,1626832013,yuncheng
391,56.0552,60.9405,19.69,70,96,4.16,RU,1626832013,tyubuk
392,49.8802,15.0648,13.91,86,27,1.16,CZ,1626832014,uhlirske janovice
393,51.9503,104.7355,18.15,86,100,1.23,RU,1626832014,bolshaya rechka
394,34.8791,-76.9013,25.99,93,90,2.06,US,1626832014,havelock
395,17.65,83.2667,27.18,89,90,2.06,IN,1626832015,yarada
396,69.3,139.9,14.61,58,72,5.04,RU,1626832015,deputatskiy
397,51.5697,14.3736,14.79,88,99,2.09,DE,1626832015,spremberg
398,54.3663,77.2981,18.57,70,0,2.46,RU,1626832016,kupino
399,55.2834,-114.769,18.99,77,1,3.6,CA,1626832016,slave lake
400,26.3544,127.8686,26.77,94,75,13.38,JP,1626832016,gushikawa
401,-36.7667,144.2833,9.24,78,9,2.24,AU,1626832017,bendigo
402,43.2686,-7.5406,16.11,98,7,0.43,ES,1626832017,lugo
403,23.65,-100.65,23.99,51,95,5.06,MX,1626831855,matehuala
404,-7.0032,111.3129,28.05,63,17,2.56,ID,1626832018,blora
405,36.7507,-3.5179,26.56,40,0,0.51,ES,1626832018,motril
406,18.6667,105.6667,27.28,79,100,1.7,VN,1626831943,vinh
407,36.6167,101.7667,21.62,51,100,0.99,CN,1626832019,xining
408,3.761,98.4513,28.11,65,28,1.92,ID,1626832019,stabat
409,-2.5744,150.7967,29.14,67,96,1.58,PG,1626832020,kavieng
410,40.1629,-8.3327,17.8,91,91,1.85,PT,1626832020,miranda do corvo
411,11.7833,75.4333,25.85,88,100,4.19,IN,1626832020,dharmadam
412,-32.5833,151.7833,13.81,51,100,5.06,AU,1626832021,raymond terrace
413,-16.9833,-65.1333,15.97,65,21,1.18,BO,1626832021,chimore
414,-41.0667,145.9167,11.92,74,67,4.66,AU,1626832021,burnie
415,26.1842,127.7558,26.81,89,75,12.35,JP,1626832021,nishihara
416,55.7503,38.0042,17.98,61,100,1.34,RU,1626832022,nikolsko-arkhangelskiy
417,27.9167,96.1667,28.99,82,99,0.97,IN,1626832022,tezu
418,4.7912,-71.3354,23.96,85,10,1.41,CO,1626832023,orocue
419,54.7682,-101.865,22.45,50,100,2.75,CA,1626832023,flin flon
420,38.4092,112.7333,19.47,92,100,1.1,CN,1626832023,xinzhou
421,-24.4694,-55.6945,13.77,50,100,0.73,PY,1626832024,curuguaty
422,63.7506,-68.5145,5.85,86,90,1.03,CA,1626832024,iqaluit
423,47.72,128.648,28.61,66,32,3.64,CN,1626832024,cuiluan
424,-8.8978,-35.1478,23.74,82,3,3.85,BR,1626832025,sao jose da coroa grande
425,14.8818,103.4936,27.21,79,97,4.64,TH,1626832025,surin
426,40.973,-117.7357,34.03,20,1,4.12,US,1626832025,winnemucca
427,6.4965,2.6036,25.9,83,71,3.78,BJ,1626832026,cotonou
428,-6.6447,-51.995,22.98,49,0,0.57,BR,1626832026,sao felix do xingu
429,6.0667,-8.1281,21.52,97,100,0.69,LR,1626832026,zwedru
430,-28.8667,153.5667,16.1,41,10,7.72,AU,1626832027,ballina
431,-6.7167,32.0667,14.98,52,0,2.17,TZ,1626832027,inyonga
432,2.9,11.15,20.45,97,98,1.32,CM,1626832027,ebolowa
433,-43.5333,172.6333,15.74,56,50,1.34,NZ,1626832028,christchurch
434,-43.75,172.0167,15.07,55,93,2.99,NZ,1626832028,rakaia
435,18.2418,104.2122,24.33,99,100,1.19,LA,1626832028,ban nahin
436,-34.6177,-68.3301,12.24,20,22,0.94,AR,1626832028,san rafael
437,14.2,24.6667,23.37,67,100,9.24,SD,1626832029,kutum
438,53.7189,46.0712,17.74,90,25,1.79,RU,1626832029,nikolsk
439,50.3167,130.3667,28.36,69,8,2.66,RU,1626832030,talakan
440,-34.7333,135.8667,12.08,58,100,3.92,AU,1626832030,port lincoln
441,24.0934,32.907,34.61,17,0,5.14,EG,1626832010,aswan
442,66.8333,70.8333,16.5,70,87,3.61,RU,1626832031,yar-sale
443,25.2088,64.6357,28.3,87,100,8.35,PK,1626832031,ormara
444,69.3143,16.1194,7.99,81,90,10.29,NO,1626832031,andenes
445,40.4272,71.7189,21.4,68,100,1.03,UZ,1626832032,stantsiya gorchakovo
446,39.5108,54.3671,30.14,30,0,1.79,TM,1626832032,balkanabat
447,-6.3424,106.1045,28.09,72,67,0.37,ID,1626832032,pandegelang
448,37.7782,-81.1882,23.23,76,1,0.0,US,1626831851,beckley
449,41.1415,-73.3579,26.78,88,1,0.89,US,1626832033,westport
450,37.3477,-120.6091,38.57,20,1,5.66,US,1626832033,atwater
451,-14.25,129.55,30.64,19,14,3.21,AU,1626832034,port keats
452,21.4612,-71.1419,27.66,82,49,9.05,TC,1626832034,cockburn town
453,34.7304,-86.5861,24.63,92,75,3.58,US,1626831791,huntsville
454,43.3719,19.6406,14.74,98,1,0.59,RS,1626832035,prijepolje
455,16.6362,1.637,32.31,43,21,6.29,ML,1626832036,gao
456,7.6947,126.5503,30.55,57,48,1.88,PH,1626832036,kinablangan
457,29.2947,117.2079,31.28,62,97,2.78,CN,1626832036,jingdezhen
458,50.6789,156.125,12.47,88,65,2.36,RU,1626832036,severo-kurilsk
459,-26.6481,15.1594,10.18,62,0,8.87,NA,1626832037,luderitz
460,70.0167,135.6,13.92,60,98,4.44,RU,1626832037,ust-kuyga
461,-13.2,49.05,19.79,77,2,2.15,MG,1626832037,ambilobe
462,-27.3667,-70.3333,8.83,38,0,0.1,CL,1626832038,copiapo
463,50.2581,-119.2691,31.83,25,3,0.51,CA,1626831827,vernon
464,29.1035,70.325,30.93,66,0,2.8,PK,1626832038,rajanpur
465,40.1948,-92.5833,24.97,78,1,0.0,US,1626831988,kirksville
466,-14.4667,132.2667,26.18,25,34,5.14,AU,1626832039,katherine
467,57.6198,63.0784,20.53,64,9,5.46,RU,1626832039,irbit
468,42.7762,-9.0603,18.38,85,34,2.51,ES,1626832039,muros
469,5.8833,-56.3167,25.47,87,78,3.03,SR,1626832040,totness
470,6.9833,35.5833,15.62,96,100,0.6,ET,1626832040,mizan teferi
471,29.3848,104.0286,26.41,86,12,1.22,CN,1626832040,luocheng
472,-3.6954,128.1814,24.08,100,40,2.06,ID,1626832041,ambon
473,5.3505,48.5268,24.42,83,11,9.01,SO,1626832041,hobyo
474,-23.7781,-45.3581,14.39,77,100,1.17,BR,1626831997,ilhabela
475,24.4167,111.5167,28.85,78,100,1.39,CN,1626832041,babu
476,25.05,61.7417,28.9,88,14,2.45,PK,1626832042,jiwani
477,27.9769,-114.0611,21.78,77,2,9.11,MX,1626832042,guerrero negro
478,10.2964,-67.7181,22.36,85,17,0.24,VE,1626832043,mariara
479,-4.0692,-78.9567,17.44,99,85,0.68,EC,1626832043,zamora
480,-12.9306,-49.8264,24.55,33,3,1.69,BR,1626832043,araguacu
481,38.8451,-76.875,28.06,73,20,3.6,US,1626831921,forestville
482,13.2167,80.3167,27.05,63,100,6.15,IN,1626832044,kattivakkam
483,4.8845,-1.7554,23.57,83,5,3.23,GH,1626832044,takoradi
484,-23.865,35.3833,19.12,88,0,2.76,MZ,1626832044,inhambane
485,-28.55,16.4333,9.71,68,19,4.85,NA,1626832045,oranjemund
486,-31.95,141.4333,7.84,71,81,4.12,AU,1626832045,broken hill
487,-32.7167,152.15,13.89,60,100,1.79,AU,1626832046,nelson bay
488,31.4583,131.2333,27.35,81,100,7.3,JP,1626832046,kushima
489,-12.2333,136.7667,28.34,51,0,7.72,AU,1626832047,nhulunbuy
490,-23.7,133.8833,18.75,32,0,2.57,AU,1626832047,alice springs
491,5.3833,-52.95,25.69,84,34,2.2,GF,1626832048,sinnamary
492,42.3394,-3.7079,16.23,88,0,2.57,ES,1626832048,burgos
493,63.3667,47.9167,13.02,83,98,1.95,RU,1626832048,blagoyevo
494,33.6603,-117.9992,36.5,63,20,4.47,US,1626831805,huntington beach
495,38.4362,57.4316,31.62,21,0,2.7,TM,1626832049,baherden
496,41.2835,-70.0995,23.9,95,1,2.57,US,1626832050,nantucket
497,-27.7951,-64.2615,9.89,28,0,3.15,AR,1626831767,santiago del estero
498,35.3029,37.1841,22.23,73,0,5.77,SY,1626832051,salamiyah
499,14.6937,-17.4441,26.49,80,93,3.25,SN,1626831814,dakar
500,41.8666,-103.6672,31.62,39,1,3.13,US,1626832051,scottsbluff
501,17.0151,54.0924,26.05,89,75,5.14,OM,1626832052,salalah
502,-8.8368,13.2343,19.34,90,11,3.25,AO,1626831850,luanda
503,66.0449,-17.3389,15.95,87,32,0.53,IS,1626832052,husavik
504,66.3167,-179.1667,6.37,67,66,4.45,RU,1626832054,egvekinot
505,41.05,-0.1333,22.27,61,33,1.42,ES,1626832054,alcaniz
506,35.2442,129.2139,30.85,70,100,6.91,KR,1626832054,hirado
507,68.5333,146.4167,16.49,62,99,1.76,RU,1626832055,belaya gora
508,60.3778,92.6267,19.07,57,92,2.28,RU,1626832055,teya
509,50.06,43.2379,21.59,76,7,2.75,RU,1626832056,mikhaylovka
510,9.538,-13.6773,25.49,85,100,3.67,GN,1626832056,conakry
511,0.5167,25.2,21.47,75,66,0.84,CD,1626832056,kisangani
512,40.8008,32.1969,13.96,84,0,1.08,TR,1626832056,gerede
513,-7.6087,15.0613,15.68,82,1,1.14,AO,1626832057,uige
514,-12.1528,-44.99,21.5,36,0,2.18,BR,1626832057,barreiras
515,-25.1667,46.0833,19.29,73,4,3.27,MG,1626832057,ambovombe
516,-38.9516,-68.0591,7.94,87,0,0.0,AR,1626832058,neuquen
517,62.5833,6.1333,11.08,66,75,1.03,NO,1626832058,roald
518,65.9811,60.3094,14.35,63,53,1.1,RU,1626832058,inta
519,37.0194,-7.9322,23.88,46,0,2.06,PT,1626831813,faro
520,39.0294,46.7185,27.3,50,0,0.01,AZ,1626832059,mincivan
521,-28.3197,27.6208,3.57,36,99,1.9,ZA,1626832059,senekal
522,21.85,111.9667,26.45,89,100,8.08,CN,1626832059,yangjiang
523,-32.55,115.7,16.76,84,84,5.56,AU,1626832060,mandurah
524,63.7256,8.834,11.06,76,97,5.21,NO,1626832060,sistranda
525,12.9714,-0.1436,28.08,60,20,6.18,BF,1626832060,bogande
526,39.7684,-86.1555,25.11,75,40,3.09,US,1626832061,indianapolis
527,33.7667,130.4667,33.38,50,95,5.81,JP,1626832061,fukuma
528,21.2833,-88.9333,25.14,90,49,2.13,MX,1626832061,dzilam gonzalez
529,-30.2067,30.7978,15.38,64,67,7.02,ZA,1626832062,umkomaas
530,39.2496,-8.0101,16.75,96,0,2.48,PT,1626832062,ponte de sor
531,26.326,43.975,32.25,14,93,3.93,SA,1626832062,buraydah
532,30.2169,-90.9001,26.66,96,1,0.0,US,1626832063,shenandoah
533,-27.2667,28.4833,3.46,39,1,2.57,ZA,1626831864,frankfort
534,26.1247,127.6694,27.21,89,75,12.35,JP,1626832063,itoman
535,-4.5772,-81.2719,19.0,87,3,5.75,PE,1626832064,talara
536,21.2833,-89.6667,26.28,86,6,5.53,MX,1626832064,progreso
537,43.3047,124.3278,29.0,62,44,4.1,CN,1626832064,lishu
538,-33.0117,17.9442,6.03,61,89,4.82,ZA,1626832065,saldanha
539,51.7102,143.2326,17.46,76,100,5.32,RU,1626832065,katangli
540,-10.0681,-78.1522,18.16,80,4,2.57,PE,1626832065,huarmey
541,50.6309,38.6903,20.19,78,0,2.64,RU,1626832066,alekseyevka
542,25.2919,60.643,30.37,82,58,3.38,IR,1626832066,chabahar
543,20.2613,100.4046,25.18,99,100,0.42,TH,1626832067,chiang khong
544,45.3055,-93.7941,28.95,72,75,2.57,US,1626832067,monticello
545,12.3167,-2.4667,26.11,64,61,5.25,BF,1626832067,reo
546,39.8885,4.2658,23.31,88,0,1.54,ES,1626832068,mahon
547,46.6833,27.8167,15.52,90,99,7.78,RO,1626832068,tanacu
548,59.0556,80.8572,17.85,84,13,2.91,RU,1626832068,kargasok
549,-6.8844,112.2051,28.26,68,14,2.29,ID,1626832068,paciran
550,-21.1897,-46.9803,12.15,23,100,1.92,BR,1626832069,monte santo de minas
551,45.5234,-122.6762,26.99,45,20,1.34,US,1626831747,portland
552,32.5186,112.3522,25.95,88,100,1.87,CN,1626832069,xinye
553,10.3999,5.4695,23.52,86,100,1.58,NG,1626832070,kontagora
554,60.8156,-115.7999,19.98,72,20,4.12,CA,1626832070,hay river
555,-17.45,-66.3833,17.27,73,85,2.23,BO,1626832070,sipe sipe
556,18.5333,83.2167,26.72,85,100,1.78,IN,1626832071,salur
557,37.3482,59.6143,31.02,16,5,4.06,TM,1626832071,kaka
558,57.8987,-5.1604,14.86,94,53,0.52,GB,1626832071,ullapool
559,41.1239,-100.7654,26.66,57,1,1.79,US,1626831961,north platte
560,1.4801,103.3899,30.55,78,100,4.78,MY,1626832072,pontian kecil
561,2.0167,112.9333,29.56,68,100,0.8,MY,1626832072,kapit
562,-26.8241,-65.2226,8.0,81,0,2.57,AR,1626832073,tucuman
563,-31.6333,-60.7,11.12,58,0,1.79,AR,1626832073,santa fe
564,37.197,50.1535,25.99,70,3,1.47,IR,1626832074,langarud
565,63.0128,112.4714,24.08,40,56,3.46,RU,1626832074,chernyshevskiy
566,-20.7833,117.1333,25.43,52,20,3.31,AU,1626832074,roebourne
567,3.3333,20.8833,22.0,89,95,1.27,CD,1626832075,businga
568,18.7333,-103.6833,26.39,87,20,0.37,MX,1626832075,coahuayana
569,56.5167,64.6333,19.62,69,15,4.74,RU,1626832075,shatrovo
570,59.3833,143.3,16.93,76,58,4.57,RU,1626832076,okhotsk
571,22.4833,86.7167,27.18,75,100,2.7,IN,1626832076,chakulia
572,65.8167,87.9833,16.52,56,7,0.67,RU,1626832076,turukhansk
573,65.5333,13.4063,8.64,92,100,2.03,NO,1626832077,trofors
574,62.6062,39.8984,10.99,85,80,1.82,RU,1626832077,oksovskiy
575,25.8333,72.2333,28.61,78,39,8.72,IN,1626832077,balotra
576,51.226,-58.6502,14.89,84,99,5.52,CA,1626832078,saint-augustin
577,54.3419,101.5036,22.06,60,2,0.69,RU,1626832078,kuytun
578,-12.7887,45.2699,23.94,83,20,3.6,YT,1626832079,dzaoudzi
579,-24.2478,-51.6847,8.56,66,100,1.66,BR,1626832079,ivaipora
580,52.5178,99.825,18.57,66,81,0.27,RU,1626832079,orlik
581,38.9342,100.4517,24.12,41,63,3.81,CN,1626832079,zhangye
582,-29.6842,-53.8069,3.61,100,0,0.51,BR,1626832012,santa maria
583,60.9112,34.1706,10.62,99,46,1.71,RU,1626832080,podporozhye
584,-10.6167,150.6667,26.5,77,75,6.65,PG,1626832080,samarai
585,29.0605,-13.564,19.12,78,75,4.63,ES,1626832081,teguise
586,-13.7,-76.2167,17.03,82,90,2.57,PE,1626832081,pisco
587,51.064,-0.3272,20.59,73,0,1.03,GB,1626832081,horsham
588,-23.1333,150.7333,19.88,38,0,6.56,AU,1626832082,yeppoon
589,23.85,80.4,25.87,85,100,6.31,IN,1626832082,murwara
590,47.4196,47.2568,28.38,39,3,2.48,RU,1626832083,kharabali
591,33.9831,51.4364,28.98,18,0,1.52,IR,1626832083,kashan
592,-20.0167,148.2333,23.12,27,39,2.23,AU,1626832083,bowen
593,18.8003,110.3967,30.06,70,100,3.81,CN,1626832084,wanning
594,-0.0333,109.3333,26.99,89,40,2.06,ID,1626832084,pontianak
595,58.8053,-122.7002,20.77,60,75,1.03,CA,1626832013,fort nelson
596,34.1667,77.5833,14.03,65,83,1.5,IN,1626832084,leh
597,24.4667,54.3667,36.06,49,0,1.03,AE,1626832085,abu dhabi
598,12.1646,-61.7296,26.43,83,20,6.17,GD,1626832085,gouyave
599,41.5286,-109.4662,29.22,47,97,4.42,US,1626831861,green river
600,3.2783,32.8867,17.38,96,58,0.99,UG,1626832086,kitgum
601,50.1559,18.7792,15.33,82,100,2.49,PL,1626832086,orzesze
602,-34.426,-58.5796,12.35,68,5,2.61,AR,1626832088,campana
603,48.5842,45.7338,28.28,35,16,2.72,RU,1626832088,kapustin yar-1
604,31.7667,104.7167,27.61,76,3,1.55,CN,1626832089,jiangyou
605,54.51,37.08,12.46,70,100,0.75,RU,1626832089,aleksin
606,54.1169,-112.4686,17.42,82,1,2.06,CA,1626832090,smoky lake
607,41.8363,59.9666,28.97,28,0,5.14,TM,1626832090,dasoguz
608,62.1564,-7.1664,9.51,100,90,1.54,FO,1626832091,vestmanna
609,47.0166,-113.8009,21.59,95,100,0.74,US,1626832091,missoula
610,52.5872,34.2778,18.1,83,100,1.3,RU,1626832091,kokorevka
611,57.0531,-135.33,16.94,67,40,4.63,US,1626832091,sitka
612,29.5833,-9.5,22.43,56,0,0.7,MA,1626832092,tiznit
613,32.5007,-94.7405,27.34,84,1,1.54,US,1626832092,longview
614,41.5284,-87.4237,23.97,77,40,1.34,US,1626832093,griffith
615,-10.1522,-67.7392,20.86,47,0,1.82,BR,1626832093,senador guiomard
616,-13.9669,33.7873,14.57,64,0,0.92,MW,1626831852,lilongwe
617,-7.2586,-64.7981,23.04,59,3,1.1,BR,1626832094,labrea
618,38.4953,102.1739,25.53,38,19,6.45,CN,1626832094,jinchang
619,32.5341,20.5791,25.15,75,13,3.06,LY,1626832095,tukrah
620,37.5017,122.1136,26.84,74,88,3.15,CN,1626832095,weihai
621,39.4547,75.9797,26.24,68,75,2.0,CN,1626832095,kashi
622,28.3667,129.4833,26.51,91,100,15.32,JP,1626832095,naze
623,6.9801,2.6649,22.39,91,88,2.38,BJ,1626832096,pobe
624,50.0163,-125.2446,23.74,59,40,2.06,CA,1626832096,campbell river
625,-27.5833,153.3,17.31,48,9,2.68,AU,1626832096,victoria point
626,8.5508,-0.5188,25.0,76,100,2.11,GH,1626832097,salaga
627,-0.4139,-65.0192,22.18,98,45,0.89,BR,1626832097,santa isabel do rio negro
628,61.2181,-149.9003,19.04,83,75,1.79,US,1626832086,anchorage
629,13.7539,-13.7586,30.03,74,95,3.09,SN,1626832098,tambacounda
630,-43.249,-65.3051,9.82,52,11,3.64,AR,1626832098,trelew
631,40.0833,26.8333,18.34,75,0,0.51,TR,1626832099,can
632,53.5237,-2.4935,18.97,89,0,1.34,GB,1626832099,atherton
633,46.6733,141.8633,23.24,71,100,2.4,RU,1626832099,nevelsk
634,33.8464,-118.0467,38.36,51,20,2.24,US,1626832100,la palma
635,64.8621,11.2373,11.78,77,100,7.31,NO,1626832100,rorvik
636,55.5195,83.5094,17.91,72,0,2.1,RU,1626832100,tashara
637,8.4109,20.6473,21.0,98,100,1.46,CF,1626832101,ndele
638,-7.7253,114.0995,29.97,48,67,0.52,ID,1626832101,panji
639,-18.5567,-51.1308,13.91,17,7,1.4,BR,1626832102,cacu
640,-0.4536,39.6401,22.65,80,67,7.46,KE,1626832102,garissa
641,35.0242,-110.6974,31.1,29,1,6.69,US,1626832103,winslow
642,6.0367,80.217,27.07,84,100,7.25,LK,1626832103,galle
643,-23.6633,-52.605,12.08,58,100,1.68,BR,1626832103,cianorte
644,22.8167,108.3167,28.25,80,100,1.21,CN,1626832103,nanning
645,4.2498,117.8871,27.07,83,75,1.34,MY,1626832104,tawau
646,23.1935,116.6142,28.94,76,100,4.34,CN,1626832104,haimen
647,63.8709,11.2999,10.84,89,77,2.7,NO,1626832104,straumen
648,-13.8833,167.55,26.44,77,26,3.71,VU,1626832105,sola
649,42.4165,-122.8345,31.93,20,1,6.69,US,1626832061,central point
650,16.45,-85.85,27.78,81,100,9.07,HN,1626832105,savannah bight
651,40.2737,-76.8844,25.77,83,1,0.0,US,1626832106,harrisburg
652,-11.3649,29.5565,12.96,65,1,1.93,ZM,1626832106,samfya
653,23.6,89.8333,28.0,80,100,3.78,BD,1626832106,faridpur
654,-43.6333,171.65,12.23,55,51,0.89,NZ,1626832107,methven
655,40.5561,50.0056,25.8,89,0,0.0,AZ,1626832107,nardaran
656,27.2696,31.1511,31.12,25,38,2.99,EG,1626832108,abnub
657,44.0787,-80.2041,18.09,82,40,5.32,CA,1626832108,shelburne
658,37.9887,-84.4777,25.0,66,1,1.54,US,1626832108,lexington-fayette
659,62.0833,32.35,7.37,91,7,2.22,RU,1626832109,suoyarvi
660,32.6881,128.8419,29.2,61,0,5.14,JP,1626832109,fukue
661,49.2,119.7,27.73,59,75,2.27,CN,1626832110,hailar
662,22.4,-99.6,19.63,88,27,2.71,MX,1626832110,ciudad del maiz
663,48.8333,18.25,14.31,90,70,2.52,SK,1626832111,banovce
664,2.1006,102.7994,27.94,82,98,2.01,MY,1626832111,bukit bakri
665,7.9986,124.2928,28.14,54,74,2.71,PH,1626832111,marawi
666,38.421,-121.4238,36.91,35,1,2.68,US,1626832111,elk grove
667,40.7091,-112.1016,34.87,27,40,1.79,US,1626832112,magna
668,36.297,59.6062,23.08,40,0,3.09,IR,1626832112,mashhad
669,13.6017,26.6876,28.33,52,100,5.97,SD,1626832113,umm kaddadah
670,41.6892,122.1128,28.08,75,74,5.31,CN,1626832113,heishan
671,41.9301,2.2549,24.06,66,11,0.89,ES,1626832114,vic
672,20.7,-105.2,26.69,92,98,0.61,MX,1626832114,ixtapa
